handle,page_type,family,target_keyword,seo_title_tag,page_title_h1,meta_description
1-carat-lab-grown-diamond-price,aggregate,A,1 carat lab grown diamond price,1 Carat Lab Grown Diamond Price – July 2026 Data,1 Carat Lab Grown Diamond Price,"The median 1 carat lab grown diamond lists for $360 (July 2026), from 43,326 listings across 6 US retailers. Per-retailer medians and monthly price history."
1-5-carat-lab-grown-diamond-price,aggregate,A,1.5 carat lab grown diamond price,1.5 Carat Lab Grown Diamond Price – July 2026 Data,1.5 Carat Lab Grown Diamond Price,"The median 1.5 carat lab grown diamond lists for $471 (July 2026), from 61,322 listings across 6 US retailers. Per-retailer medians and monthly price history."
2-carat-lab-grown-diamond-price,aggregate,A,2 carat lab grown diamond price,2 Carat Lab Grown Diamond Price – July 2026 Data,2 Carat Lab Grown Diamond Price,"The median 2 carat lab grown diamond lists for $825 (July 2026), from 53,215 listings across 5 US retailers. Per-retailer medians and monthly price history."
1-carat-round-lab-grown-diamond-price,aggregate,B,1 carat round lab grown diamond price,1 Carat Round Lab Grown Diamond Price – July 2026,1 Carat Round Lab Grown Diamond Price,"The median 1 carat round lab grown diamond lists for $350 (July 2026), from 26,340 listings across 6 US retailers. Per-retailer medians and monthly history."
1-5-carat-round-lab-grown-diamond-price,aggregate,B,1.5 carat round lab grown diamond price,1.5 Carat Round Lab Grown Diamond Price – July 2026,1.5 Carat Round Lab Grown Diamond Price,"The median 1.5 carat round lab grown diamond lists for $473 (July 2026), from 34,614 listings across 6 US retailers. Per-retailer medians and monthly history."
1-75-carat-round-lab-grown-diamond-price,aggregate,B,1.75 carat round lab grown diamond price,1.75 Carat Round Lab Grown Diamond Price – July 2026,1.75 Carat Round Lab Grown Diamond Price,"The median 1.75 carat round lab grown diamond lists for $1,820 (July 2026), from 5,981 listings across 4 US retailers. Per-retailer medians and monthly history."
2-carat-round-lab-grown-diamond-price,aggregate,B,2 carat round lab grown diamond price,2 Carat Round Lab Grown Diamond Price – July 2026,2 Carat Round Lab Grown Diamond Price,"The median 2 carat round lab grown diamond lists for $697 (July 2026), from 31,149 listings across 5 US retailers. Per-retailer medians and monthly history."
2-25-carat-round-lab-grown-diamond-price,aggregate,B,2.25 carat round lab grown diamond price,2.25 Carat Round Lab Grown Diamond Price – July 2026,2.25 Carat Round Lab Grown Diamond Price,"The median 2.25 carat round lab grown diamond lists for $2,740 (July 2026), from 5,212 listings across 4 US retailers. Per-retailer medians and monthly history."
2-5-carat-round-lab-grown-diamond-price,aggregate,B,2.5 carat round lab grown diamond price,2.5 Carat Round Lab Grown Diamond Price – July 2026,2.5 Carat Round Lab Grown Diamond Price,"The median 2.5 carat round lab grown diamond lists for $3,565 (July 2026), from 2,622 listings across 3 US retailers. Per-retailer medians and monthly history."
1-carat-oval-lab-grown-diamond-price,aggregate,B,1 carat oval lab grown diamond price,1 Carat Oval Lab Grown Diamond Price – July 2026,1 Carat Oval Lab Grown Diamond Price,"The median 1 carat oval lab grown diamond lists for $400 (July 2026), from 16,976 listings across 4 US retailers. Per-retailer medians and monthly history."
1-25-carat-oval-lab-grown-diamond-price,aggregate,B,1.25 carat oval lab grown diamond price,1.25 Carat Oval Lab Grown Diamond Price – July 2026,1.25 Carat Oval Lab Grown Diamond Price,"The median 1.25 carat oval lab grown diamond lists for $1,400 (July 2026), from 3,467 listings across 3 US retailers. Per-retailer medians and monthly history."
1-5-carat-oval-lab-grown-diamond-price,aggregate,B,1.5 carat oval lab grown diamond price,1.5 Carat Oval Lab Grown Diamond Price – July 2026,1.5 Carat Oval Lab Grown Diamond Price,"The median 1.5 carat oval lab grown diamond lists for $467 (July 2026), from 26,708 listings across 5 US retailers. Per-retailer medians and monthly history."
2-carat-oval-lab-grown-diamond-price,aggregate,B,2 carat oval lab grown diamond price,2 Carat Oval Lab Grown Diamond Price – July 2026,2 Carat Oval Lab Grown Diamond Price,"The median 2 carat oval lab grown diamond lists for $895 (July 2026), from 22,066 listings across 5 US retailers. Per-retailer medians and monthly history."
2-25-carat-oval-lab-grown-diamond-price,aggregate,B,2.25 carat oval lab grown diamond price,2.25 Carat Oval Lab Grown Diamond Price – July 2026,2.25 Carat Oval Lab Grown Diamond Price,"The median 2.25 carat oval lab grown diamond lists for $4,020 (July 2026), from 2,027 listings across 3 US retailers. Per-retailer medians and monthly history."
2-5-carat-oval-lab-grown-diamond-price,aggregate,B,2.5 carat oval lab grown diamond price,2.5 Carat Oval Lab Grown Diamond Price – July 2026,2.5 Carat Oval Lab Grown Diamond Price,"The median 2.5 carat oval lab grown diamond lists for $4,710 (July 2026), from 931 listings across 3 US retailers. Per-retailer medians and monthly history."
how-much-does-a-lab-grown-diamond-cost,aggregate,D,how much does a lab grown diamond cost,How Much Does a Lab Grown Diamond Cost? (July 2026 Data),How Much Does a Lab Grown Diamond Cost?,"July 2026: the median 1 carat lab grown diamond lists for $360, 1.5 carat $471, 2 carat $825. From 206,316 listings across 6 US retailers."
lab-grown-diamond-resale-value,aggregate,D,lab grown diamond resale value,Lab Grown Diamond Resale Value: What Price History Shows,Lab Grown Diamond Resale Value: What Price History Shows,"Listing-price history for lab grown diamonds: the same certified stones repriced a median -29.2% April–July 2026 (52,774 matched listings). What that means for resale value."
lab-grown-diamond-price-comparison,aggregate,E,lab grown diamond price comparison,"Lab Grown Diamond Price Comparison: 6 US Retailers, Updated Monthly",Lab Grown Diamond Price Comparison,"Median lab grown diamond prices at 1, 1.5, and 2 carats compared across 6 US retailers (July 2026). Publicly listed prices, 206,316 listings, refreshed monthly."
